title,rating,price
"ToYBULK Teddy Bear, Teddy Bear 5 feet for Girls, Teddy Bear for Girls, Teddy Bear 5 feet, Teddy Bear for Girls 5 feet, Teddy Bear for Girls 5 feet (5 Feet, Brown)",4.2,"₹1,649.99"
"HUG 'n' FEEL SOFT TOYS Rainbow Soft toy Lovable Huggable Cute Teddy Bear Plush toy Grandparents Best for Diwali, Baby Shower, Birthday, Raksha Bandhan, Housewarming (30cm multicolor)",4.1,₹284.00
Babique Penguin Plush Soft Toy Cute Kids Animal Home Decor Boys/Girls 28 cm (Black),4.2,₹179.00
Mirada Stuffed Plush Animal Cute Pineapple Sitting Ribbon Teddy Bear Soft Toy - 32cm,4.1,₹539.00
"HUG 'n' FEEL SOFT TOYS 4 Feet Cream Giant Teddy Bear Soft, Plush, And Cuddly Stuffed Animal For Kids, Birthdays, Anniversaries, Valentine's Day, And Special Occasions Large Huggable",4.1,"₹1,199.00"
"ToYBULK Teddy Bear, Teddy Bear 5 feet for Girls, Teddy Bear for Girls, Teddy Bear 5 feet, Teddy Bear for Girls 5 feet, Teddy Bear for Girls 5 feet (5 Feet, Brown)",4.2,"₹1,649.99"
CLICK4DEAL for Kids for Birthday Gift | Teddy Bear | Stuffed Plush Toys | Hypoallergenic | Bpa Free | Children Friendly chimmi(Size 30 cm| Color Yellow),4.1,₹499.00
HUG 'n' FEEL SOFT TOYS Big Teddy Bear Wearing Happy Birthday with Your Name T-Shirt 5 feet Pink_T Shirt_Happy Birthday with Your Name Plush & Stuffed Toys,4.1,"₹1,962.00"
"Panda's Box Mantra Chanting Baby Ganesha (28 CM) | Musical Soft Plush Toy | Best Gift for Infants, Toddlers & Babies",4.5,₹988.00
"ToYBULK Teddy Bear, Teddy Bear 6 Feet for Girls, Soft Toys for Girls, Big Teddy Bear, Toys for Girls, Birthday Gift for Girls/Wife/Girlfriend/Husband, (6 Feet, Red)",4.2,"₹2,250.00"
HUG 'n' FEEL SOFT TOYS Teddy Bear 4 Feet Soft Toy | Birthday Gift for Girls Plush & Stuffed Toys,4.0,"₹1,099.00"
Tickles Adroable Lying Dog with Baby Stuffed Soft Plush Animal Toy for Kids Baby Boys & Girls Birthday Gifts (Size: 20 cm Color: Brown),4.0,₹399.00
"ToYBULK Teddy Bear, Teddy Bear 6 Feet for Girls, Soft Toys for Girls, Big Teddy Bear, Toys for Girls, Birthday Gift for Girls/Wife/Girlfriend/Husband, (6 Feet, Pink)",4.2,"₹2,250.00"
"HUG 'n' FEEL SOFT TOYS Soft Toys Long Soft Lovable hugable Cute Giant Life Size Teddy Figure Bear Plush & Stuffed Toys (Head Pillow, Panda) Lovely Teddy Figure",4.1,₹384.00
"ToYBULK Teddy Bear, Teddy Bear 6 Feet for Girls, Soft Toys for Girls, Big Teddy Bear, Toys for Girls/Wife/Girlfriend/Husband, (6 Feet, SkyBlue)",4.2,"₹2,250.00"
"KEKEMI Non-Toxic Hugable Cute Stuff Teddy Bear Soft Toys for Kids/Gift, Size 7 Inches (Pack of 2)",4.4,₹479.00
Tickles Teddy Bear with Polka Dots Ribbon Bow Soft Stuffed Plush Animal Toy for Kids Baby Girls & Boys Birthday Gifts Valentine's Day (Color: Red and White Size: 25 cm),5.0,₹378.00
Webby 3 Feet Huggable Teddy Bear with Neck Bow (Beige),4.0,₹759.00
"HUG 'n' FEEL SOFT TOYS Soft Toys Long Soft Lovable hugable Cute Giant Life Size Teddy Figure Bear Plush & Stuffed Toys (Emoji Pillow, Smiley Emoji) Lovely Teddy Figure",4.1,₹384.00
SCOOBA Super Soft Sleeping Unicorn Soft Toy Medium Size 65cm Made in India,4.2,₹664.00
"KEKEMI Non-Toxic Hugable Cute Stuff Teddy Bear Soft Toys for Kids/Gift, Size - 12 Inches (Pack of 2)",5.0,₹579.00
HUG 'n' FEEL SOFT TOYS Big Teddy Bear Wearing I Love My Wife T-Shirt 5 Feet Blue_T Shirt_I Love My Wife Plush & Stuffed Toys,4.0,"₹2,065.00"
"KEKEMI Non-Toxic Hugable Cute Stuff Teddy Bear Soft Toys for Kids/Gift, Size - 12 Inches (Pack of 2)",5.0,₹579.00
FIRSTCRY INTELLISKILLS Intelliskills Super Soft Standing Dinosaur Stuffed Toy For Kids | Plush Toy | Safe For Kids | Teddy Bear For Girls And Boys | Best For Birthday Gifts | Sea Green | Height 29 Cm,5.0,₹629.00
"GUND Slouchers Teddy Bear Stuffed Animal Plush, Gray, 20""",4.4,"₹7,452.00"
HUG 'n' FEEL SOFT TOYS Unicorn Soft Toys | Soft Toys Girls Big Size | Teddy Bear Big Size | Birthday Gift Boy Plush & Stuffed Toys,4.0,₹494.00
Puku Traders Unicorn Stuffed Toys for Girls Playing Teddy Bear in Size of 25 cm Long,4.8,₹165.00
